asset	idAsset	int	4	10	0	0	1	1
asset	name	varchar	255	0	0	0	0	2
asset	currentValueDLS	decimal	9	12	8	1	0	5
asset	lastUpdateTime	datetime	8	23	3	1	0	6
bank	idBank	int	4	10	0	0	1	1
bank	nameES	varchar	50	0	0	1	0	2
bank	nameEN	varchar	50	0	0	1	0	3
bank_country	idBank	int	4	10	0	0	0	1
bank_country	idCountry	int	4	10	0	0	0	2
bankAccount	idBankAccount	int	4	10	0	0	1	1
bankAccount	idBank	int	4	10	0	1	0	2
bankAccount	account	varchar	50	0	0	1	0	3
bankAccount	clabe	varchar	50	0	0	1	0	4
bankAccount	idCountry	int	4	10	0	1	0	5
bankAccount	nameAccount	varchar	255	0	0	1	0	6
blackList	idBlackList	int	4	10	0	0	1	1
blackList	idPersonRegister	int	4	10	0	0	0	2
blackList	idBannedPerson	int	4	10	0	0	0	3
blackList	motive	varchar	255	0	0	0	0	4
blackList	email	varchar	255	0	0	1	0	5
blackList	userName	varchar	255	0	0	1	0	6
blackList	ip	varchar	12	0	0	1	0	7
blackList	typeOfBan	bit	1	1	0	0	0	8
blackList	creationTime	datetime	8	23	3	0	0	9
businessAddress	idBusinessAddress	int	4	10	0	0	1	1
businessAddress	addressLine1	varchar	2000	0	0	0	0	2
businessAddress	addressLine2	varchar	2000	0	0	1	0	3
businessAddress	zipCode	varchar	50	0	0	0	0	4
businessAddress	city	varchar	500	0	0	0	0	5
businessAddress	stateProvince	varchar	500	0	0	1	0	6
businessAddress	idCountry	int	4	10	0	0	0	7
businessAddress	idVicionario	int	4	10	0	1	0	8
businessAddress	creationTime	datetime	8	23	3	1	0	9
businessAddress	name	varchar	255	0	0	1	0	10
businessProfile	idBusinessProfile	int	4	10	0	0	1	1
businessProfile	name	varchar	500	0	0	0	0	2
businessProfile	pin	varchar	5	0	0	1	0	3
businessProfile	logoBusinessSizeFile	decimal	9	19	2	1	0	4
businessProfile	logoBusinessS3	bit	1	1	0	1	0	5
businessProfile	logoBusinessS3Key	varchar	300	0	0	1	0	6
businessProfile	logoBusinessPublicUrl	varchar	1000	0	0	1	0	7
businessProfile	logoBusinessTimeUpdate	datetime	8	23	3	1	0	8
businessProfile	idVicionario	int	4	10	0	0	0	9
businessProfile	idBusinessCategory	int	4	10	0	0	0	10
businessProfile	creationTime	datetime	8	23	3	0	0	11
catalog	idCatalog	int	4	10	0	0	0	1
catalog	idCategory	int	4	10	0	1	0	2
catalog	nameES	varchar	255	0	0	1	0	3
catalog	nameEN	varchar	255	0	0	1	0	4
catalog	displayOrder	int	4	10	0	1	0	5
catalog	type	char	1	0	0	1	0	6
catalog	active	bit	1	1	0	1	0	7
concept	idConcept	int	4	10	0	0	1	1
concept	nameES	varchar	255	0	0	0	0	2
concept	nameEN	varchar	255	0	0	0	0	3
concept	factor	smallint	2	5	0	0	0	4
concept	active	bit	1	1	0	0	0	5
country	idCountry	int	4	10	0	0	1	1
country	nameES	varchar	255	0	0	1	0	2
country	nameEN	varchar	255	0	0	1	0	3
country	codeNumber	varchar	5	0	0	1	0	4
country	regex	varchar	100	0	0	1	0	5
country	iso2	char	2	0	0	1	0	6
coupon	idCoupon	int	4	10	0	0	1	1
coupon	code	uniqueidentifier	16	0	0	1	0	2
coupon	idStatus	int	4	10	0	1	0	3
coupon	redeemTime	datetime	8	23	3	1	0	4
coupon	idVicionarioRedeem	int	4	10	0	1	0	5
coupon	idCouponPackage	int	4	10	0	1	0	6
couponPackage	idCouponPackage	int	4	10	0	0	1	1
couponPackage	numberCoupon	int	4	10	0	0	0	2
couponPackage	price	decimal	9	12	2	0	0	3
couponPackage	promotion	varchar	500	0	0	0	0	4
couponPackage	idBusinessAddress	int	4	10	0	0	0	5
couponPackage	idVicionario	int	4	10	0	0	0	6
couponPackage	promotionImageSizeFile	decimal	9	19	2	1	0	7
couponPackage	promotionImageS3	bit	1	1	0	1	0	8
couponPackage	promotionImageS3Key	varchar	300	0	0	1	0	9
couponPackage	promotionImagePublicUrl	varchar	1000	0	0	1	0	10
couponPackage	promotionImageTimeUpdate	datetime	8	23	3	1	0	11
couponPackage	creationTime	datetime	8	23	3	0	0	12
couponPackage	numberFreeCoupons	int	4	10	0	1	0	13
couponPackage	rejectionComment	varchar	500	0	0	1	0	14
couponPackage	idStatus	int	4	10	0	1	0	15
couponPackage	idPersonUpdated	int	4	10	0	1	0	16
couponPackage	timeUpdated	datetime	8	23	3	1	0	17
couponPackage	idMovement	int	4	10	0	1	0	18
document	idDocument	int	4	10	0	0	1	1
document	nameES	varchar	500	0	0	1	0	2
document	nameEN	varchar	500	0	0	1	0	3
document	type	varchar	255	0	0	1	0	4
document	required	bit	1	1	0	1	0	5
document	idCountry	int	4	10	0	1	0	6
document	idModuleAvailable	int	4	10	0	1	0	7
legalDocument	idLegalDocument	int	4	10	0	0	1	1
legalDocument	nameES	varchar	200	0	0	0	0	2
legalDocument	nameEN	varchar	200	0	0	0	0	3
legalDocument	jasperName	varchar	200	0	0	0	0	4
legalDocument	fileType	varchar	50	0	0	0	0	5
legalDocument	requiresUserFields	bit	1	1	0	0	0	6
legalDocument	isActive	bit	1	1	0	0	0	7
legalDocument	displayOrder	int	4	10	0	0	0	8
legalDocument	creationTime	datetime	8	23	3	0	0	9
legalDocumentField	idLegalDocumentField	int	4	10	0	0	1	1
legalDocumentField	idLegalDocument	int	4	10	0	0	0	2
legalDocumentField	fieldName	varchar	100	0	0	0	0	3
legalDocumentField	labelES	varchar	200	0	0	0	0	4
legalDocumentField	dataType	varchar	50	0	0	0	0	5
legalDocumentField	isRequired	bit	1	1	0	0	0	6
legalDocumentField	displayOrder	int	4	10	0	0	0	7
legalDocumentField	labelEN	varchar	200	0	0	1	0	8
legalDocumentField	idCatalog	int	4	10	0	1	0	9
loan	idLoan	int	4	10	0	0	1	1
loan	idVicionario	int	4	10	0	0	0	2
loan	loanMoneyAmount	decimal	9	19	8	0	0	3
loan	paidMoneyAmount	decimal	9	19	8	1	0	4
loan	currentDebtAmount	decimal	9	19	8	0	0	5
loan	creationTime	datetime	8	23	3	0	0	6
loan	idPersonRegister	int	4	10	0	0	0	7
loan	idRetentionType	int	4	10	0	0	0	8
loan	idStatus	int	4	10	0	0	0	9
loan	updateTime	datetime	8	23	3	1	0	10
loan	description	varchar	255	0	0	1	0	11
loan	idPaymentPeriodicity	int	4	10	0	1	0	12
loan	idMovement	int	4	10	0	1	0	13
loan	registerMovement	bit	1	1	0	1	0	14
loan	idMotivo	int	4	10	0	1	0	15
loanRequest	idLoanRequest	int	4	10	0	0	1	1
loanRequest	idVicionario	int	4	10	0	0	0	2
loanRequest	loanMoneyAmount	decimal	9	19	2	0	0	3
loanRequest	idRetentionType	int	4	10	0	1	0	4
loanRequest	idPaymentPeriodicity	int	4	10	0	0	0	5
loanRequest	descriptionRequest	varchar	255	0	0	1	0	6
loanRequest	creationTime	datetime	8	23	3	0	0	7
loanRequest	idPersonUpdate	int	4	10	0	1	0	8
loanRequest	updateTime	datetime	8	23	3	1	0	9
loanRequest	idStatus	int	4	10	0	0	0	10
loanRequest	remark	varchar	255	0	0	1	0	11
loanRequest	idLoan	int	4	10	0	1	0	12
loanRequest	idMotivo	int	4	10	0	1	0	13
logActivity	idLog	int	4	10	0	0	1	1
logActivity	creationTime	datetime	8	23	3	1	0	2
logActivity	idPerson	int	4	10	0	1	0	3
logActivity	ip	varchar	15	0	0	1	0	4
logActivity	description	varchar	1000	0	0	1	0	5
logActivity	idEvent	int	4	10	0	1	0	6
logDeleteInactivePerson	idPerson	int	4	10	0	0	0	1
logDeleteInactivePerson	idVicionario	int	4	10	0	0	0	2
logDeleteInactivePerson	username	varchar	255	0	0	1	0	3
logDeleteInactivePerson	creationTimeRegister	datetime	8	23	3	1	0	4
logDeleteInactivePerson	idRole	int	4	10	0	1	0	5
logDeleteInactivePerson	idStatus	int	4	10	0	1	0	6
logDeleteInactivePerson	timeDelete	datetime	8	23	3	1	0	7
logDetailVicionarioNetwork	idLogDetailVicionarioNetwork	int	4	10	0	0	1	1
logDetailVicionarioNetwork	creationTime	datetime	8	23	3	1	0	2
logDetailVicionarioNetwork	idVicionario	int	4	10	0	1	0	3
logDetailVicionarioNetwork	idVicionarioPackage	int	4	10	0	1	0	4
logDetailVicionarioNetwork	idVicionarioNetwork	int	4	10	0	1	0	5
logDetailVicionarioNetwork	pointsLeft	int	4	10	0	1	0	6
logDetailVicionarioNetwork	pointsRight	int	4	10	0	1	0	7
logDetailVicionarioNetwork	idRank	int	4	10	0	1	0	8
logDetailVicionarioNetwork	idLogVicionarioNetwork	int	4	10	0	0	0	9
logPersonHistory	idLogPersonHistory	int	4	10	0	0	1	1
logPersonHistory	idPerson	int	4	10	0	0	0	2
logPersonHistory	firstName	varchar	255	0	0	0	0	3
logPersonHistory	lastName	varchar	255	0	0	0	0	4
logPersonHistory	idGender	int	4	10	0	1	0	5
logPersonHistory	birthday	date	3	10	0	1	0	6
logPersonHistory	email	varchar	255	0	0	0	0	7
logPersonHistory	idCountryPhone	int	4	10	0	1	0	8
logPersonHistory	phoneNumber	varchar	20	0	0	0	0	9
logPersonHistory	idCountryBirthday	int	4	10	0	1	0	10
logPersonHistory	username	varchar	255	0	0	1	0	11
logPersonHistory	password	varchar	255	0	0	1	0	12
logPersonHistory	idRole	int	4	10	0	0	0	13
logPersonHistory	idStatus	int	4	10	0	0	0	14
logPersonHistory	blackList	bit	1	1	0	0	0	15
logPersonHistory	idPersonEditor	int	4	10	0	1	0	16
logPersonHistory	fullNamePersonEditor	varchar	255	0	0	1	0	17
logPersonHistory	usernamePersonEditor	varchar	255	0	0	1	0	18
logPersonHistory	creationTime	datetime	8	23	3	1	0	19
logPersonHistory	fieldsUpdated	varchar	500	0	0	1	0	20
logPersonHistory	alias	varchar	255	0	0	1	0	21
logPersonStatus	idLogPersonStatus	int	4	10	0	0	1	1
logPersonStatus	idVicionario	int	4	10	0	1	0	2
logPersonStatus	idPerson	int	4	10	0	0	0	3
logPersonStatus	idStatusVicionario	int	4	10	0	1	0	4
logPersonStatus	idStatusPerson	int	4	10	0	1	0	5
logPersonStatus	newIdStatusVicionario	int	4	10	0	1	0	6
logPersonStatus	newIdStatusPerson	int	4	10	0	1	0	7
logPersonStatus	creationTime	datetime	8	23	3	1	0	8
logPersonStatus	idPersonEditor	int	4	10	0	1	0	9
logPersonStatus	motive	varchar	255	0	0	1	0	10
logRoi	idLogRoi	int	4	10	0	0	1	1
logRoi	logRoiDate	date	3	10	0	0	0	2
logRoi	startTime	datetime	8	23	3	1	0	3
logRoi	finishTime	datetime	8	23	3	1	0	4
logRoi	processCode	varchar	50	0	0	1	0	5
logRoi	errorMessage	nvarchar	8000	0	0	1	0	6
logVicionarioKycHistory	idLogVicionarioKycHistory	int	4	10	0	0	1	1
logVicionarioKycHistory	idVicionario	int	4	10	0	0	0	2
logVicionarioKycHistory	idDocument	int	4	10	0	0	0	3
logVicionarioKycHistory	creationTime	datetime	8	23	3	1	0	4
logVicionarioKycHistory	idStatus	int	4	10	0	1	0	5
logVicionarioKycHistory	idPersonUpdateStatus	int	4	10	0	1	0	6
logVicionarioKycHistory	updateTime	datetime	8	23	3	1	0	7
logVicionarioKycHistory	attachedSelfieSize	decimal	9	19	2	1	0	8
logVicionarioKycHistory	attachedSelfieS3	bit	1	1	0	1	0	9
logVicionarioKycHistory	attachedSelfieS3Key	varchar	300	0	0	1	0	10
logVicionarioKycHistory	attachedSelfiePublicUrl	varchar	1000	0	0	1	0	11
logVicionarioKycHistory	attachedFrontSize	decimal	9	19	2	1	0	12
logVicionarioKycHistory	attachedFrontS3	bit	1	1	0	1	0	13
logVicionarioKycHistory	attachedFrontS3Key	varchar	300	0	0	1	0	14
logVicionarioKycHistory	attachedFrontPublicUrl	varchar	1000	0	0	1	0	15
logVicionarioKycHistory	attachedBackSize	decimal	9	19	2	1	0	16
logVicionarioKycHistory	attachedBackS3	bit	1	1	0	1	0	17
logVicionarioKycHistory	attachedBackS3Key	varchar	300	0	0	1	0	18
logVicionarioKycHistory	attachedBackPublicUrl	varchar	1000	0	0	1	0	19
logVicionarioKycHistory	resultWSRekognition	decimal	9	19	2	1	0	20
logVicionarioKycHistory	resultWSTextract	varchar	-1	0	0	1	0	21
logVicionarioKycHistory	remark	varchar	500	0	0	1	0	22
logVicionarioKycHistory	acceptedPercentage	int	4	10	0	1	0	23
logVicionarioKycHistory	fullNamePersonEditor	varchar	255	0	0	1	0	24
logVicionarioKycHistory	usernamePersonEditor	varchar	255	0	0	1	0	25
logVicionarioKycStatus	idLogVicionarioKycStatus	int	4	10	0	0	1	1
logVicionarioKycStatus	idVicionario	int	4	10	0	1	0	2
logVicionarioKycStatus	idStatus	int	4	10	0	0	0	3
logVicionarioKycStatus	newIdStatus	int	4	10	0	1	0	4
logVicionarioKycStatus	idPersonUpdate	int	4	10	0	1	0	5
logVicionarioKycStatus	fullNamePersonUpdate	varchar	255	0	0	1	0	6
logVicionarioKycStatus	usernamePersonUpdate	varchar	255	0	0	1	0	7
logVicionarioKycStatus	updateTime	datetime	8	23	3	1	0	8
logVicionarioNetwork	idLogVicionarioNetwork	int	4	10	0	0	1	1
logVicionarioNetwork	idVicionarioParent	int	4	10	0	1	0	2
logVicionarioNetwork	idVicionario	int	4	10	0	1	0	3
logVicionarioNetwork	idVicionarioPackage	int	4	10	0	1	0	4
logVicionarioNetwork	idLeg	int	4	10	0	1	0	5
logVicionarioNetwork	creationTime	datetime	8	23	3	1	0	6
logVicionarioNetwork	idPersonUpdate	int	4	10	0	1	0	7
logVicionarioNetworkSystem	idLogVicionarioNetworkSystem	int	4	10	0	0	1	1
logVicionarioNetworkSystem	creationTime	datetime	8	23	3	0	0	2
logVicionarioNetworkSystem	message	varchar	-1	0	0	0	0	3
logVicionarioPointsHistory	idLogVicionarioPointsHistory	int	4	10	0	0	1	1
logVicionarioPointsHistory	idVicionarioRoot	int	4	10	0	0	0	2
logVicionarioPointsHistory	rowOrder	decimal	9	19	2	0	0	3
logVicionarioPointsHistory	idReference	int	4	10	0	1	0	4
logVicionarioPointsHistory	creationTime	datetime	8	23	3	1	0	5
logVicionarioPointsHistory	idVicionarioDirect	int	4	10	0	1	0	6
logVicionarioPointsHistory	idSponsor	int	4	10	0	1	0	7
logVicionarioPointsHistory	idLegNetwork	int	4	10	0	1	0	8
logVicionarioPointsHistory	idVicionarioPackage	int	4	10	0	1	0	9
logVicionarioPointsHistory	package	varchar	255	0	0	1	0	10
logVicionarioPointsHistory	amountPackage	decimal	9	19	2	1	0	11
logVicionarioPointsHistory	pointsLeft	int	4	10	0	1	0	12
logVicionarioPointsHistory	pointsRight	int	4	10	0	1	0	13
logVicionarioPointsHistory	totalPointsLeft	int	4	10	0	1	0	14
logVicionarioPointsHistory	totalPointsRight	int	4	10	0	1	0	15
logVicionarioPointsHistory	currentPointsLeft	int	4	10	0	1	0	16
logVicionarioPointsHistory	currentPointsRight	int	4	10	0	1	0	17
logVicionarioPointsHistory	block	int	4	10	0	1	0	18
logVicionarioPointsHistory	validBlock	bit	1	1	0	1	0	19
logVicionarioPointsHistory	binaryPoints	int	4	10	0	1	0	20
logVicionarioPointsHistory	importBinaryBonus	decimal	9	19	2	1	0	21
logVicionarioPointsHistory	idVicionarioRankObteined	int	4	10	0	1	0	22
logVicionarioPointsHistory	joinDate	datetime	8	23	3	1	0	23
mediaResource	idMediaResource	int	4	10	0	0	1	1
mediaResource	idType	int	4	10	0	0	0	2
mediaResource	category	varchar	300	0	0	0	0	3
mediaResource	titleES	varchar	300	0	0	0	0	4
mediaResource	titleEN	varchar	300	0	0	0	0	5
mediaResource	displayOrder	int	4	10	0	1	0	8
mediaResource	video	varchar	255	0	0	1	0	9
mediaResource	idPersonCreate	int	4	10	0	1	0	10
mediaResource	creationTime	datetime	8	23	3	1	0	11
mediaResource	documentSize	decimal	9	19	2	1	0	12
mediaResource	documentS3	bit	1	1	0	1	0	13
mediaResource	documentS3Key	varchar	300	0	0	1	0	14
mediaResource	documentPublicUrl	varchar	1000	0	0	1	0	15
mediaResource	previewSize	decimal	17	38	0	1	0	16
mediaResource	previewS3	bit	1	1	0	1	0	17
mediaResource	previewS3Key	varchar	300	0	0	1	0	18
mediaResource	previewPublicUrl	varchar	1000	0	0	1	0	19
message	idMessage	int	4	10	0	0	1	1
message	idUserSender	int	4	10	0	0	0	2
message	subject	varchar	300	0	0	0	0	3
message	message	varchar	1000	0	0	0	0	4
message	creationTime	datetime	8	23	3	1	0	5
message	attachedFileSize	decimal	9	19	2	1	0	6
message	attachedFileS3	bit	1	1	0	1	0	7
message	attachedFileS3Key	varchar	300	0	0	1	0	8
message	attachedFilePublicUrl	varchar	1000	0	0	1	0	9
message	idMessageReply	int	4	10	0	1	0	10
message	favorite	bit	1	1	0	1	0	11
message	idStatus	int	4	10	0	1	0	12
messageDetail	idMessage	int	4	10	0	0	0	1
messageDetail	idRecipient	int	4	10	0	0	0	2
messageDetail	idStatus	int	4	10	0	0	0	3
messageDetail	updateTime	datetime	8	23	3	1	0	4
messageDetail	favorite	bit	1	1	0	1	0	5
module	idModule	int	4	10	0	0	1	1
module	nameES	varchar	255	0	0	1	0	2
module	nameEN	varchar	255	0	0	1	0	3
module	sectionES	varchar	255	0	0	1	0	4
module	sectionEN	varchar	255	0	0	1	0	5
module	linkTo	varchar	255	0	0	1	0	6
module	moduleEcommerce	bit	1	1	0	1	0	7
moduleAction	idAction	int	4	10	0	0	1	1
moduleAction	idModule	int	4	10	0	0	0	2
moduleAction	actionKey	nvarchar	200	0	0	0	0	3
moduleAction	nameES	nvarchar	510	0	0	0	0	4
moduleAction	nameEN	nvarchar	510	0	0	0	0	5
moduleActionPermission	idActionPermission	int	4	10	0	0	1	1
moduleActionPermission	idPerson	int	4	10	0	0	0	2
moduleActionPermission	idAction	int	4	10	0	0	0	3
moduleActionPermission	permission	bit	1	1	0	0	0	4
modulePermission	idModule	int	4	10	0	0	0	2
modulePermission	idPerson	int	4	10	0	0	0	4
modulePermission	permissionRead	bit	1	1	0	1	0	5
modulePermission	permissionWrite	bit	1	1	0	1	0	9
movement	idMovement	int	4	10	0	0	1	1
movement	idVicionarioPackage	int	4	10	0	1	0	2
movement	idWallet	int	4	10	0	0	0	3
movement	idConcept	int	4	10	0	0	0	4
movement	import	decimal	9	19	8	0	0	5
movement	timeCreation	datetime	8	23	3	0	0	6
movement	dateMovement	date	3	10	0	0	0	7
movement	reference	varchar	-1	0	0	1	0	8
movement	idPerson	int	4	10	0	0	0	9
movement	idVicionarioPackageOrigin	int	4	10	0	1	0	10
movement	idMovRef	int	4	10	0	1	0	11
movement	idRank	int	4	10	0	1	0	12
movement	frozen	bit	1	1	0	1	0	13
movement	idVicionario	int	4	10	0	1	0	14
movement	dateAvailable	date	3	10	0	1	0	15
news	idNews	int	4	10	0	0	1	1
news	title	varchar	255	0	0	0	0	2
news	body	varchar	-1	0	0	0	0	3
news	timeCreation	datetime	8	23	3	0	0	4
news	idPerson	int	4	10	0	0	0	5
news	videoUrl	varchar	1000	0	0	1	0	6
news	attachedImageSize	decimal	9	19	2	1	0	7
news	attachedImageS3	bit	1	1	0	1	0	8
news	attachedImageS3Key	varchar	300	0	0	1	0	9
news	attachedImagePublicUrl	varchar	1000	0	0	1	0	10
news	pinNews	bit	1	1	0	1	0	11
news	expirationDate	date	3	10	0	1	0	12
news	isObligatory	bit	1	1	0	1	0	13
notification	idNotification	int	4	10	0	0	1	1
notification	idPersonRegister	int	4	10	0	0	0	2
notification	creationTime	datetime	8	23	3	0	0	3
notification	idEvent	int	4	10	0	0	0	4
notification	descriptionEvent	varchar	255	0	0	1	0	5
notification	linkTo	varchar	100	0	0	0	0	6
notification	idPriority	int	4	10	0	0	0	7
notificationDetail	idNotificationDetail	int	4	10	0	0	1	1
notificationDetail	idNotification	int	4	10	0	0	0	2
notificationDetail	idRecipientPerson	int	4	10	0	0	0	3
notificationDetail	idStatus	int	4	10	0	0	0	4
notificationDetail	creationTime	datetime	8	23	3	0	0	5
notificationDetail	updateTime	datetime	8	23	3	1	0	6
package	idPackage	int	4	10	0	0	1	1
package	name	varchar	255	0	0	1	0	2
package	amount	decimal	9	12	2	1	0	3
package	idType	int	4	10	0	1	0	4
package	displayOrder	int	4	10	0	1	0	5
package	packageImageSizeFile	decimal	9	19	4	1	0	6
package	packageImageS3	bit	1	1	0	1	0	7
package	packageImageS3Key	varchar	300	0	0	1	0	8
package	packageImagePublicUrl	varchar	1000	0	0	1	0	9
package	timeUpdated	datetime	8	23	3	1	0	10
package	idPersonUpdate	int	4	10	0	1	0	11
package	isActive	bit	1	1	0	0	0	12
parameter	idParameter	int	4	10	0	0	1	1
parameter	name	varchar	255	0	0	1	0	2
parameter	value	varchar	500	0	0	1	0	3
parameter	type	char	1	0	0	1	0	4
person	idPerson	int	4	10	0	0	1	1
person	firstName	varchar	255	0	0	0	0	2
person	lastName	varchar	255	0	0	0	0	3
person	idGender	int	4	10	0	1	0	4
person	birthday	date	3	10	0	1	0	5
person	email	varchar	255	0	0	0	0	6
person	idCountryPhone	int	4	10	0	1	0	7
person	phoneNumber	varchar	20	0	0	0	0	8
person	idCountryBirthday	int	4	10	0	1	0	11
person	username	varchar	255	0	0	1	0	12
person	password	varchar	255	0	0	1	0	13
person	idRole	int	4	10	0	0	0	14
person	photoProfileSizeFile	decimal	9	19	2	1	0	15
person	photoProfileS3	bit	1	1	0	1	0	16
person	photoProfileS3Key	varchar	300	0	0	1	0	17
person	photoProfilePublicUrl	varchar	1000	0	0	1	0	18
person	photoProfileTimeUpdate	datetime	8	23	3	1	0	19
person	creationTime	datetime	8	23	3	1	0	20
person	idStatus	int	4	10	0	0	0	21
person	verificationCode	varchar	10	0	0	1	0	22
person	tokenRecovery	varchar	255	0	0	1	0	23
person	creationTimeToken	datetime	8	23	3	1	0	24
person	transactionPin	varchar	5	0	0	1	0	25
person	verificationUUID	uniqueidentifier	16	0	0	1	0	26
person	verificationUUIDCreationTime	datetime	8	23	3	1	0	27
person	idPersonEditor	int	4	10	0	1	0	28
person	blackList	bit	1	1	0	0	0	29
person	timeUpdated	datetime	8	23	3	1	0	30
person	alias	varchar	255	0	0	1	0	31
person	socialSegurityNumber	varchar	50	0	0	1	0	32
rank	idRank	int	4	10	0	0	1	1
rank	nameES	varchar	300	0	0	1	0	2
rank	points	int	4	10	0	1	0	3
rank	bonus	decimal	9	19	2	1	0	4
rank	nameEN	varchar	300	0	0	1	0	6
rank	idPreviousRank	int	4	10	0	1	0	7
rank	accumulatedPoints	int	4	10	0	1	0	8
role	idRole	int	4	10	0	0	1	1
role	nameES	varchar	255	0	0	1	0	2
role	nameEN	varchar	255	0	0	1	0	3
roleModule	idRole	int	4	10	0	0	0	1
roleModule	idModule	int	4	10	0	0	0	2
testimonial	idTestimonial	int	4	10	0	0	1	1
testimonial	name	varchar	255	0	0	1	0	2
testimonial	creationTime	datetime	8	23	3	1	0	3
testimonial	idPersonCreate	int	4	10	0	1	0	4
testimonial	video	varchar	255	0	0	1	0	5
testimonial	description	varchar	1000	0	0	1	0	6
testimonial	visibleWebsite	bit	1	1	0	1	0	7
ticket	idTicket	int	4	10	0	0	1	1
ticket	subject	varchar	300	0	0	1	0	2
ticket	description	varchar	2000	0	0	0	0	3
ticket	idStatus	int	4	10	0	0	0	4
ticket	idPersonCreate	int	4	10	0	0	0	5
ticket	idTicketReply	int	4	10	0	1	0	6
ticket	creationTime	datetime	8	23	3	1	0	7
ticket	idPersonResolved	int	4	10	0	1	0	8
ticket	resolvedTime	datetime	8	23	3	1	0	9
ticket	attachedFileSize	decimal	9	19	2	1	0	10
ticket	attachedFileS3	bit	1	1	0	1	0	11
ticket	attachedFileS3Key	varchar	300	0	0	1	0	12
ticket	attachedFilePublicUrl	varchar	1000	0	0	1	0	13
ticket	idSubject	int	4	10	0	1	0	14
ticket	idPersonAssigned	int	4	10	0	1	0	15
ticket	assignedTime	datetime	8	23	3	1	0	16
ticket	remindAt	date	3	10	0	1	0	17
ticket	notes	varchar	-1	0	0	1	0	18
ticketAssignmentTracking	idTicket	int	4	10	0	0	0	1
ticketAssignmentTracking	idPersonAssigned	int	4	10	0	1	0	2
ticketAssignmentTracking	assignedTime	datetime	8	23	3	1	0	3
ticketAssignmentTracking	isRead	bit	1	1	0	0	0	4
ticketAssignmentTracking	readTime	datetime	8	23	3	1	0	5
ticketAssignmentTracking	creationTime	datetime	8	23	3	0	0	6
ticketTracker	idTicket	int	4	10	0	0	0	1
ticketTracker	idPerson	int	4	10	0	1	0	2
ticketTracker	creationTime	datetime	8	23	3	1	0	3
validationRules	moduleKey	varchar	255	0	0	0	0	1
validationRules	code	int	4	10	0	0	0	2
validationRules	descriptionES	varchar	500	0	0	0	0	3
validationRules	descriptionEN	varchar	500	0	0	0	0	4
validationRules	isActive	bit	1	1	0	1	0	5
vicionario	idVicionario	int	4	10	0	0	1	1
vicionario	idPerson	int	4	10	0	0	0	2
vicionario	kycApproved	bit	1	1	0	1	0	3
vicionario	timeKycApproved	datetime	8	23	3	1	0	4
vicionario	idStatus	int	4	10	0	1	0	5
vicionario	creationTime	datetime	8	23	3	1	0	6
vicionario	invitationLink	varchar	255	0	0	1	0	7
vicionario	idVicionarioParent	int	4	10	0	1	0	8
vicionario	idVicionarioLeft	int	4	10	0	1	0	9
vicionario	idVicionarioRight	int	4	10	0	1	0	10
vicionario	idRank	int	4	10	0	1	0	11
vicionario	volumeLeft	int	4	10	0	1	0	12
vicionario	volumeRight	int	4	10	0	1	0	13
vicionario	totalPointsLeft	int	4	10	0	1	0	14
vicionario	totalPointsRight	int	4	10	0	1	0	15
vicionario	carryLeft	decimal	9	16	2	1	0	16
vicionario	carryRight	decimal	9	16	2	1	0	17
vicionario	idSponsor	int	4	10	0	1	0	18
vicionario	currentPointsLeft	int	4	10	0	1	0	19
vicionario	currentPointsRight	int	4	10	0	1	0	20
vicionario	directLeft	varchar	-1	0	0	1	0	21
vicionario	directRight	varchar	-1	0	0	1	0	22
vicionario	vicionarioAncestors	varchar	-1	0	0	1	0	23
vicionario	distanceSponsor	int	4	10	0	1	0	24
vicionario	level	int	4	10	0	1	0	25
vicionario	sponsorshipline	varchar	-1	0	0	1	0	26
vicionarioAddress	idAddress	int	4	10	0	0	1	1
vicionarioAddress	addressLine1	varchar	2000	0	0	0	0	2
vicionarioAddress	addressLine2	varchar	2000	0	0	1	0	3
vicionarioAddress	zipCode	varchar	50	0	0	0	0	4
vicionarioAddress	city	varchar	500	0	0	0	0	5
vicionarioAddress	stateProvince	varchar	500	0	0	1	0	6
vicionarioAddress	idCountry	int	4	10	0	0	0	7
vicionarioAddress	primaryAddress	bit	1	1	0	1	0	8
vicionarioAddress	idVicionario	int	4	10	0	0	0	9
vicionarioAddress	creationTime	datetime	8	23	3	1	0	10
vicionarioDocument	idVicionario	int	4	10	0	0	0	1
vicionarioDocument	idDocument	int	4	10	0	0	0	2
vicionarioDocument	documentSize	decimal	9	19	2	1	0	3
vicionarioDocument	documentS3	bit	1	1	0	1	0	4
vicionarioDocument	documentS3Key	varchar	300	0	0	1	0	5
vicionarioDocument	documentPublicUrl	varchar	1000	0	0	1	0	6
vicionarioDocument	creationTime	datetime	8	23	3	1	0	7
vicionarioDocument	updateTime	datetime	8	23	3	1	0	8
vicionarioDocument	idStatus	int	4	10	0	1	0	9
vicionarioDocument	idPersonUpdateStatus	int	4	10	0	1	0	10
vicionarioDocument	textDocument	varchar	100	0	0	1	0	11
vicionarioKyc	idVicionario	int	4	10	0	0	0	1
vicionarioKyc	idDocument	int	4	10	0	0	0	2
vicionarioKyc	creationTime	datetime	8	23	3	1	0	3
vicionarioKyc	idStatus	int	4	10	0	1	0	4
vicionarioKyc	idPersonUpdateStatus	int	4	10	0	1	0	5
vicionarioKyc	updateTime	datetime	8	23	3	1	0	6
vicionarioKyc	attachedSelfieSize	decimal	9	19	2	1	0	7
vicionarioKyc	attachedSelfieS3	bit	1	1	0	1	0	8
vicionarioKyc	attachedSelfieS3Key	varchar	300	0	0	1	0	9
vicionarioKyc	attachedSelfiePublicUrl	varchar	1000	0	0	1	0	10
vicionarioKyc	attachedFrontSize	decimal	9	19	2	1	0	11
vicionarioKyc	attachedFrontS3	bit	1	1	0	1	0	12
vicionarioKyc	attachedFrontS3Key	varchar	300	0	0	1	0	13
vicionarioKyc	attachedFrontPublicUrl	varchar	1000	0	0	1	0	14
vicionarioKyc	attachedBackSize	decimal	9	19	2	1	0	15
vicionarioKyc	attachedBackS3	bit	1	1	0	1	0	16
vicionarioKyc	attachedBackS3Key	varchar	300	0	0	1	0	17
vicionarioKyc	attachedBackPublicUrl	varchar	1000	0	0	1	0	18
vicionarioKyc	resultWSRekognition	decimal	9	19	2	1	0	19
vicionarioKyc	resultWSTextract	varchar	-1	0	0	1	0	20
vicionarioKyc	remark	varchar	500	0	0	1	0	21
vicionarioKyc	acceptedPercentage	int	4	10	0	1	0	22
vicionarioKyc	idRejectionReason	int	4	10	0	1	0	23
vicionarioKyc	expirationdocumentdate	date	3	10	0	1	0	24
vicionarioKyc	idCountry	int	4	10	0	1	0	25
vicionarioKycInfoMatched	idVicionario	int	4	10	0	0	0	1
vicionarioKycInfoMatched	firstName	bit	1	1	0	1	0	2
vicionarioKycInfoMatched	lastName	bit	1	1	0	1	0	3
vicionarioKycInfoMatched	birthday	bit	1	1	0	1	0	4
vicionarioKycInfoMatched	gender	bit	1	1	0	1	0	5
vicionarioKycInfoMatched	countryBirthday	bit	1	1	0	1	0	6
vicionarioLeadershipBonusRecord	idRank	int	4	10	0	0	0	1
vicionarioLeadershipBonusRecord	idVicionario	int	4	10	0	0	0	2
vicionarioLeadershipBonusRecord	creationTime	datetime	8	23	3	0	0	3
vicionarioLeadershipBonusRecord	points	int	4	10	0	0	0	4
vicionarioLeadershipBonusRecord	bonus	decimal	9	19	4	0	0	5
vicionarioLeadershipBonusRecord	idLeftDirect	int	4	10	0	0	0	6
vicionarioLeadershipBonusRecord	idRightDirect	int	4	10	0	0	0	7
vicionarioLegalDocument	idVicionarioLegalDocument	int	4	10	0	0	1	1
vicionarioLegalDocument	idLegalDocument	int	4	10	0	0	0	2
vicionarioLegalDocument	idVicionario	int	4	10	0	0	0	3
vicionarioLegalDocument	documentSize	int	4	10	0	1	0	4
vicionarioLegalDocument	documentS3	bit	1	1	0	1	0	5
vicionarioLegalDocument	documentS3Key	varchar	300	0	0	1	0	6
vicionarioLegalDocument	documentPublicUrl	varchar	1000	0	0	1	0	7
vicionarioLegalDocument	remark	varchar	500	0	0	1	0	8
vicionarioLegalDocument	idStatus	int	4	10	0	0	0	9
vicionarioLegalDocument	idPersonUpdate	int	4	10	0	1	0	10
vicionarioLegalDocument	updateTime	datetime	8	23	3	1	0	11
vicionarioLegalDocument	creationTime	datetime	8	23	3	0	0	12
vicionarioMoneyAccount	idVicionarioMoneyAccount	int	4	10	0	0	1	1
vicionarioMoneyAccount	idVicionario	int	4	10	0	0	0	2
vicionarioMoneyAccount	idtype	int	4	10	0	0	0	3
vicionarioMoneyAccount	idbank	int	4	10	0	1	0	4
vicionarioMoneyAccount	account	varchar	50	0	0	1	0	5
vicionarioMoneyAccount	clabe	varchar	50	0	0	1	0	6
vicionarioMoneyAccount	nameaccount	varchar	255	0	0	1	0	7
vicionarioMoneyAccount	idasset	int	4	10	0	1	0	8
vicionarioMoneyAccount	address	varchar	255	0	0	1	0	9
vicionarioMoneyAccount	creationTime	datetime	8	23	3	1	0	10
vicionarioNewUserMigracion	idTabUsers	int	4	10	0	0	0	1
vicionarioNewUserMigracion	userID	nvarchar	256	0	0	0	0	2
vicionarioNewUserMigracion	idVicionario	int	4	10	0	0	0	3
vicionarioNewUserMigracion	idPerson	int	4	10	0	0	0	4
vicionarioPackage	idVicionarioPackage	int	4	10	0	0	1	1
vicionarioPackage	idVicionario	int	4	10	0	0	0	2
vicionarioPackage	idPackage	int	4	10	0	0	0	3
vicionarioPackage	creationTime	datetime	8	23	3	1	0	15
vicionarioPackage	idStatus	int	4	10	0	1	0	16
vicionarioPackage	updateTime	datetime	8	23	3	1	0	17
vicionarioPackage	percentage	decimal	9	19	8	1	0	18
vicionarioPackage	paymentProofSize	decimal	9	19	4	1	0	19
vicionarioPackage	paymentProofS3	bit	1	1	0	1	0	20
vicionarioPackage	paymentProofS3Key	varchar	300	0	0	1	0	21
vicionarioPackage	paymentProofPublicUrl	varchar	1000	0	0	1	0	22
vicionarioPackage	transactionHash	varchar	100	0	0	1	0	23
vicionarioPackage	idPersonUpdate	int	4	10	0	1	0	24
vicionarioPackage	idPaymentMethod	int	4	10	0	1	0	25
vicionarioPackage	currentPeriodDate	date	3	10	0	1	0	26
vicionarioPackage	idPeriodicity	int	4	10	0	1	0	27
vicionarioPackageAvailableMovement	idVicionarioPackage	int	4	10	0	0	0	1
vicionarioPackageAvailableMovement	numberPeriod	int	4	10	0	0	0	2
vicionarioPackageAvailableMovement	period	varchar	6	0	0	0	0	3
vicionarioPackageAvailableMovement	dateAvailable	date	3	10	0	0	0	4
vicionarioPackagePermission	idVicionarioPackagePermission	int	4	10	0	0	1	1
vicionarioPackagePermission	idVicionario	int	4	10	0	0	0	2
vicionarioPackagePermission	permission	bit	1	1	0	0	0	3
vicionarioPackagePermission	timeUpdated	datetime	8	23	3	0	0	4
vicionarioPackagePermission	idPersonEditor	int	4	10	0	0	0	5
vicionarioRankRecord	idRank	int	4	10	0	0	0	1
vicionarioRankRecord	idVicionario	int	4	10	0	0	0	2
vicionarioRankRecord	creationTime	datetime	8	23	3	1	0	3
vicionarioRankRecord	points	int	4	10	0	1	0	4
vicionarioRankRecord	bonus	decimal	9	19	4	1	0	5
vicionarioRankRecord	leadershipBonusApplied	bit	1	1	0	1	0	6
wallet	idWallet	int	4	10	0	0	1	1
wallet	idVicionario	int	4	10	0	0	0	2
wallet	address	varchar	255	0	0	0	0	3
wallet	timeCreation	datetime	8	23	3	0	0	4
wallet	idAsset	int	4	10	0	0	0	5
watchedNews	idWatchedNews	int	4	10	0	0	1	1
watchedNews	idVicionario	int	4	10	0	0	0	2
watchedNews	idNews	int	4	10	0	0	0	3
watchedNews	creationTime	date	3	10	0	0	0	4
withdrawalRequest	idWithdrawalRequest	int	4	10	0	0	1	1
withdrawalRequest	idVicionario	int	4	10	0	0	0	2
withdrawalRequest	creationTime	datetime	8	23	3	0	0	3
withdrawalRequest	idPaymentMethod	int	4	10	0	0	0	4
withdrawalRequest	address	varchar	255	0	0	0	0	5
withdrawalRequest	importRequest	decimal	9	19	2	0	0	6
withdrawalRequest	comments	varchar	500	0	0	1	0	7
withdrawalRequest	idStatus	int	4	10	0	1	0	8
withdrawalRequest	idPersonUpdate	int	4	10	0	1	0	9
withdrawalRequest	updateTime	datetime	8	23	3	1	0	10
withdrawalRequest	idMovement	int	4	10	0	1	0	11
withdrawalRequest	remark	varchar	500	0	0	1	0	12
withdrawalRequest	idWallet	int	4	10	0	1	0	13
withdrawalRequest	idVicionarioPackage	int	4	10	0	1	0	14
withdrawalRequest	idVicionarioMoneyAccount	int	4	10	0	1	0	15
